location,activity_type,duration_min,lat,lon
Mirabell Gardens,Ride,22,47.806745071229514,13.044415574720697
Mirabell Gardens,Walk,35,47.80579260354824,13.044821569052736
Mirabell Gardens,Ride,43,47.80697153280715,13.04586610248635
Mirabell Gardens,Walk,23,47.80828454478461,13.04580760410407
Mirabell Gardens,Walk,31,47.80564876993791,13.040944661264085
Mirabell Gardens,Hike,29,47.805648794564576,13.04182434992017
Mirabell Gardens,Walk,48,47.80836881922326,13.044730070534417
Mirabell Gardens,Ride,46,47.807151152093724,13.044727571901824
Mirabell Gardens,Hike,34,47.8052957884211,13.04473009537261
Mirabell Gardens,Run,47,47.806813840065374,13.05140546298131
Mirabell Gardens,Run,36,47.80530487346078,13.044841781021386
Mirabell Gardens,Hike,40,47.80530140536964,13.04597113128036
Mirabell Gardens,Ride,70,47.80636294340734,13.045608003526986
Mirabell Gardens,Run,65,47.80313007963301,13.04500278250261
Mirabell Gardens,Run,25,47.803412623251226,13.043069461510719
Mirabell Gardens,Walk,57,47.80515656870614,13.045217938440986
Mirabell Gardens,Walk,57,47.804480753319496,13.042154349570925
Mirabell Gardens,Ride,27,47.80647137099889,13.04322636278652
Mirabell Gardens,Hike,57,47.80463796388671,13.04272927290434
Mirabell Gardens,Ride,68,47.803881544448,13.043863748278772
Mirabell Gardens,Hike,28,47.80819847315338,13.048329317133346
Mirabell Gardens,Run,31,47.80566133554927,13.039965469614815
Mirabell Gardens,Walk,60,47.80610129230703,13.045072520380748
Mirabell Gardens,Ride,49,47.803862877720675,13.04047456825762
Mirabell Gardens,Ride,53,47.80518342591321,13.042756136268421
Mirabell Gardens,Hike,50,47.80616638388456,13.045877901193935
Mirabell Gardens,Hike,50,47.804273509633866,13.04382856003819
Mirabell Gardens,Ride,25,47.806563547027515,13.04154451044414
Mirabell Gardens,Hike,60,47.80509904196512,13.04226939258148
Mirabell Gardens,Ride,62,47.80556245937531,13.045059195497869
Mirabell Gardens,Ride,41,47.80509744008165,13.042239266736566
Mirabell Gardens,Ride,44,47.80877841727676,13.044132917179164
Mirabell Gardens,Run,22,47.80597975416289,13.043791143679806
Mirabell Gardens,Hike,52,47.80441343360656,13.042396799304788
Mirabell Gardens,Walk,53,47.80723381736815,13.04798788817865
Mirabell Gardens,Walk,44,47.80416873452504,13.044967838044636
Mirabell Gardens,Hike,61,47.806313295392506,13.039649714826684
Mirabell Gardens,Ride,39,47.803060494814176,13.044072908629538
Mirabell Gardens,Walk,53,47.80400772092665,13.042376427070463
Mirabell Gardens,Walk,29,47.8062952918538,13.045404866669593
Mirabell Gardens,Hike,44,47.80710769986999,13.042114958523134
Mirabell Gardens,Walk,42,47.806257052421785,13.043470527117066
Mirabell Gardens,Ride,48,47.805826527576414,13.04470997455796
Mirabell Gardens,Hike,39,47.80554834445661,13.04543151038834
Mirabell Gardens,Ride,43,47.803782217014444,13.041299407185887
Mirabell Gardens,Walk,57,47.804920233687405,13.043030997528318
Mirabell Gardens,Walk,38,47.80530904184356,13.042750109377678
Mirabell Gardens,Ride,20,47.807585683339326,13.042393341534853
Mirabell Gardens,Run,71,47.80651542743435,13.04723090848056
Mirabell Gardens,Walk,65,47.80335543976695,13.044509963421921
Mirabell Gardens,Run,25,47.80648612595409,13.04117823209133
Mirabell Gardens,Walk,55,47.80542237657937,13.045535723894108
Mirabell Gardens,Run,37,47.80498461699954,13.047944312394025
Mirabell Gardens,Run,48,47.80691751443326,13.045764930521102
Mirabell Gardens,Run,49,47.80754649928374,13.040661260068092
Mirabell Gardens,Ride,41,47.80739692017867,13.042731531854267
Mirabell Gardens,Run,33,47.804741173715165,13.046233822298372
Mirabell Gardens,Run,34,47.80553618143622,13.042284661068761
Mirabell Gardens,Run,31,47.806496895147106,13.044587638856292
Mirabell Gardens,Walk,32,47.80746331769068,13.045249268106858
Mirabell Gardens,Run,43,47.80528123864323,13.041846139056844
Mirabell Gardens,Walk,34,47.805721511535005,13.043580949287875
Mirabell Gardens,Run,55,47.80434049753899,13.037217465319861
Mirabell Gardens,Run,67,47.804205690063874,13.04165122471733
Mirabell Gardens,Ride,36,47.807218788733586,13.043194863697213
Mirabell Gardens,Walk,48,47.80803436004285,13.04120443363607
Mirabell Gardens,Run,52,47.80589198481763,13.046964822607862
Mirabell Gardens,Walk,52,47.807505299346836,13.040839717244078
Mirabell Gardens,Walk,46,47.80654245403757,13.042819911026605
Mirabell Gardens,Hike,56,47.80503232036809,13.043961481154572
Mirabell Gardens,Ride,52,47.80654209340826,13.046582546578131
Mirabell Gardens,Ride,26,47.8083070548497,13.04082827569764
Mirabell Gardens,Ride,58,47.80594626094133,13.04602632750431
Mirabell Gardens,Hike,58,47.80834696548372,13.04372046612204
Mirabell Gardens,Hike,33,47.802070382343864,13.041736982697904
Mirabell Gardens,Ride,45,47.80723285375656,13.044624206948527
Mirabell Gardens,Hike,55,47.806130570602356,13.044098119391146
Mirabell Gardens,Hike,41,47.805551488974295,13.042499566245683
Mirabell Gardens,Hike,61,47.8061376411648,13.04383960416998
Mirabell Gardens,Ride,80,47.8030186466281,13.042929372806276
Mirabell Gardens,Ride,33,47.80567049216824,13.043927034690501
Mirabell Gardens,Ride,24,47.806535668857265,13.045024261349042
Mirabell Gardens,Hike,49,47.80821684106711,13.04687203363229
Mirabell Gardens,Ride,55,47.805222594672586,13.041224369002345
Mirabell Gardens,Hike,41,47.804787259595656,13.047966066749312
Mirabell Gardens,Run,66,47.80524736443462,13.039795824400954
Mirabell Gardens,Hike,24,47.80737310317655,13.043396429809928
Mirabell Gardens,Walk,55,47.806493126664485,13.044876634412969
Mirabell Gardens,Ride,35,47.80520535969435,13.044261983735469
Mirabell Gardens,Ride,70,47.806769901149664,13.042454600960358
Mirabell Gardens,Walk,74,47.80614561632402,13.043283755499285
Mirabell Gardens,Hike,33,47.807452967485794,13.042713998130681
Mirabell Gardens,Run,36,47.80494692035918,13.04252127048611
Mirabell Gardens,Walk,57,47.8055085067801,13.045399204194041
Mirabell Gardens,Walk,39,47.8054118377703,13.044414030971929
Mirabell Gardens,Hike,44,47.8038047275778,13.042314180809479
Mirabell Gardens,Ride,45,47.806444180415596,13.045499199750866
Mirabell Gardens,Hike,16,47.80639158290827,13.044314599041753
Mirabell Gardens,Walk,44,47.80600767018496,13.045325724237678
Mirabell Gardens,Walk,34,47.80564811929993,13.044959257683846
Mirabell Gardens,Ride,37,47.80387694388692,13.042042009978156
Mirabell Gardens,Ride,66,47.80536903201585,13.042579637919605
Mirabell Gardens,Ride,26,47.80548592822521,13.045194587210245
Mirabell Gardens,Hike,57,47.80479658409617,13.044920740530866
Mirabell Gardens,Ride,40,47.8057580714325,13.043658196812071
Mirabell Gardens,Walk,40,47.80660607628522,13.043934654766616
Mirabell Gardens,Walk,56,47.80882927885181,13.046255329791576
Mirabell Gardens,Run,50,47.80626186671925,13.042516857222328
Mirabell Gardens,Hike,53,47.80638632558608,13.04479419476234
Mirabell Gardens,Run,59,47.80588833112635,13.04329561469513
Mirabell Gardens,Walk,40,47.803121843177045,13.043264637593545
Mirabell Gardens,Run,35,47.80596022918682,13.045897553703973
Mirabell Gardens,Walk,28,47.80609034531491,13.045350832697975
Mirabell Gardens,Run,32,47.80969486316872,13.045327019272001
Mirabell Gardens,Ride,89,47.80571145855283,13.046310957614308
Mirabell Gardens,Run,63,47.806452321013495,13.043742007683266
Mirabell Gardens,Ride,24,47.80594793234544,13.04506390594259
Mirabell Gardens,Ride,25,47.80424698294357,13.043079466486812
Mirabell Gardens,Hike,52,47.80771423422177,13.044348332704976
Mirabell Gardens,Ride,53,47.80712789954903,13.043439713891264
Mirabell Gardens,Ride,53,47.80718654792056,13.043893991929984
Mirabell Gardens,Run,41,47.80463591881781,13.044890314050873
Mirabell Gardens,Walk,43,47.8081041914664,13.042063558633533
Mirabell Gardens,Hike,49,47.80389722340581,13.04788477455137
Mirabell Gardens,Ride,46,47.806880285640695,13.041687965237
Mirabell Gardens,Hike,11,47.80928568343871,13.041271622774424
Mirabell Gardens,Run,41,47.804514195512304,13.046016221747
Mirabell Gardens,Ride,32,47.805150553405596,13.045283325387926
Mirabell Gardens,Run,47,47.806149477047626,13.044948239634104
Mirabell Gardens,Hike,89,47.80524478651882,13.044956691018529
Mirabell Gardens,Run,50,47.8036740048534,13.043675506454306
Mirabell Gardens,Hike,40,47.80610284446221,13.041905491257028
Mirabell Gardens,Run,58,47.804406544429405,13.043851609116388
Mirabell Gardens,Hike,52,47.80671038864595,13.042345676576975
Mirabell Gardens,Walk,51,47.804620863648644,13.045650239466834
Mirabell Gardens,Run,54,47.80832490160753,13.043405885236995
Mirabell Gardens,Run,75,47.804825120061494,13.042049005606414
Mirabell Gardens,Walk,28,47.80551690772569,13.043057228316693
Mirabell Gardens,Walk,52,47.807220275826054,13.04452586290855
Mirabell Gardens,Run,31,47.804153703525344,13.042572550894391
Mirabell Gardens,Walk,53,47.8063411899019,13.042055559208867
Mirabell Gardens,Ride,31,47.80796071413142,13.044187374422982
Mirabell Gardens,Hike,38,47.80358877514816,13.044189933142217
Mirabell Gardens,Hike,40,47.8062769507878,13.042686113649257
Mirabell Gardens,Hike,59,47.80638982419137,13.042757923388763
Mirabell Gardens,Ride,58,47.80717273430766,13.044164099874715
Mirabell Gardens,Walk,26,47.804144573933684,13.040803831317005
Mirabell Gardens,Walk,45,47.804019315080374,13.040885072451246
Mirabell Gardens,Run,34,47.806782912348424,13.042263111557494
Mirabell Gardens,Walk,26,47.806445477009845,13.043273105696576
Mirabell Gardens,Run,41,47.806375739275516,13.044321815131195
Mirabell Gardens,Ride,40,47.806519672314245,13.046650712433898
Mirabell Gardens,Hike,81,47.80497996291763,13.045415319246404
Mirabell Gardens,Hike,51,47.80634838054574,13.043380122940073
Mirabell Gardens,Hike,24,47.806439608709944,13.043661967584194
Mirabell Gardens,Walk,36,47.80492847287296,13.041694941270723
Mirabell Gardens,Run,60,47.808798661766716,13.043662973728015
Mirabell Gardens,Run,76,47.80671074938137,13.043122682722158
Mirabell Gardens,Ride,21,47.80421304475419,13.044345437120676
Mirabell Gardens,Walk,16,47.80698483041295,13.042045538112895
Mirabell Gardens,Ride,73,47.804537977494654,13.044738693028481
Mirabell Gardens,Run,50,47.80718062690561,13.046765477826005
Mirabell Gardens,Run,31,47.80773789336851,13.043482479703085
Mirabell Gardens,Hike,53,47.80476897652247,13.044503423444198
Mirabell Gardens,Walk,10,47.807445064193864,13.045080287983422
Mirabell Gardens,Run,45,47.8066191713904,13.042897559056227
Mirabell Gardens,Hike,49,47.80723309023999,13.04414818496362
Mirabell Gardens,Walk,58,47.80884518947398,13.043725184801563
Mirabell Gardens,Ride,29,47.80563191782599,13.043895352197097
Mirabell Gardens,Walk,46,47.804869395753464,13.042153980432289
Mirabell Gardens,Walk,31,47.80466572835556,13.043749020348518
Mirabell Gardens,Run,48,47.80477628457255,13.04469599658249
Mirabell Gardens,Run,31,47.80588434743588,13.04660228721559
Mirabell Gardens,Walk,38,47.806511727962224,13.04561854165217
Mirabell Gardens,Run,30,47.80641503619899,13.048006364915022
Mirabell Gardens,Run,54,47.80724077487355,13.042165304874223
Mirabell Gardens,Run,57,47.80601950283781,13.045444641273441
Mirabell Gardens,Hike,41,47.80818030111573,13.044066684011476
Mirabell Gardens,Hike,45,47.80560301475014,13.048079605866434
Mirabell Gardens,Walk,23,47.81008025374988,13.04208340342929
Mirabell Gardens,Run,40,47.80693850102165,13.042020556315638
Mirabell Gardens,Hike,44,47.804714263665375,13.04250121470911
Mirabell Gardens,Walk,84,47.8043936612529,13.03945220855138
Mirabell Gardens,Run,28,47.80672370862286,13.042648489956639
Mirabell Gardens,Ride,66,47.80566480582201,13.042181734676891
Mirabell Gardens,Run,59,47.80707100074113,13.044000787572951
Mirabell Gardens,Run,49,47.80670985643686,13.044383511951553
Mirabell Gardens,Hike,71,47.805890756631015,13.047452341678431
Mirabell Gardens,Walk,50,47.804729809422895,13.045600847676372
Mirabell Gardens,Walk,50,47.80372772916297,13.042546192688675
Mirabell Gardens,Hike,44,47.80533022757189,13.041903170657303
Mirabell Gardens,Run,63,47.80728459819148,13.044683838343012
Mirabell Gardens,Ride,61,47.80632114061619,13.041059533585958
Mirabell Gardens,Run,35,47.80413139183193,13.047362917531709
Mirabell Gardens,Run,25,47.806259771388774,13.046058880241443
Mirabell Gardens,Ride,41,47.80657797606959,13.04276164869579
Mirabell Gardens,Hike,32,47.80467421384569,13.040273730941818
Mirabell Gardens,Walk,44,47.806230587658916,13.04640774474833
Mirabell Gardens,Hike,63,47.80608731307767,13.043470920309494
Mirabell Gardens,Hike,38,47.80428554455325,13.046175632623946
Salzach River Path,Run,44,47.79760835851181,13.048954553958962
Salzach River Path,Walk,45,47.79910093746557,13.052098018451675
Salzach River Path,Walk,57,47.800007865549574,13.048591312618916
Salzach River Path,Hike,11,47.800070470890645,13.047183077407274
Salzach River Path,Ride,35,47.79932490179278,13.046886741652953
Salzach River Path,Hike,48,47.800934274898516,13.051212019902692
Salzach River Path,Ride,63,47.798398569355925,13.047439141295008
Salzach River Path,Walk,37,47.799786430772464,13.05350958836397
Salzach River Path,Hike,16,47.800180443447566,13.045836141184234
Salzach River Path,Run,54,47.80077165825109,13.05339291273658
Salzach River Path,Hike,35,47.80106742231713,13.050422034934407
Salzach River Path,Walk,27,47.79831303686224,13.04980657377626
Salzach River Path,Run,35,47.7976988287439,13.048910161826383
Salzach River Path,Run,42,47.80191651523285,13.050798272228706
Salzach River Path,Ride,35,47.80049847101797,13.049924730595151
Salzach River Path,Run,11,47.79887727019516,13.052206603764034
Salzach River Path,Run,58,47.80232672796328,13.050228455297324
Salzach River Path,Hike,64,47.800173511951435,13.050300603522924
Salzach River Path,Walk,54,47.80176894577609,13.049272775575574
Salzach River Path,Ride,27,47.80010127772211,13.049886108752558
Salzach River Path,Hike,41,47.80309112188732,13.050615603537786
Salzach River Path,Run,44,47.80263301126366,13.046579663214688
Salzach River Path,Run,53,47.79962655377728,13.04730362915579
Salzach River Path,Ride,55,47.801457356426425,13.051486528188047
Salzach River Path,Walk,33,47.80096806392437,13.050341730876257
Salzach River Path,Ride,46,47.80205294733629,13.049632033327295
Salzach River Path,Hike,51,47.798552614809125,13.050036867866131
Salzach River Path,Ride,66,47.801029077189995,13.050695163410724
Salzach River Path,Run,55,47.80158763673027,13.048920480639381
Salzach River Path,Hike,56,47.79736189077036,13.048443390549195
Salzach River Path,Run,46,47.798225112231,13.050391690510196
Salzach River Path,Walk,66,47.79694115173336,13.04804325444477
Salzach River Path,Run,51,47.79959588974833,13.05081650551143
Salzach River Path,Run,32,47.80107631338369,13.046594832791525
Salzach River Path,Ride,66,47.80225353557814,13.052058311274653
Salzach River Path,Run,55,47.80011114217063,13.050945194964827
Salzach River Path,Hike,38,47.80244292331835,13.050512059468629
Salzach River Path,Hike,37,47.797929847812675,13.051965381967891
Salzach River Path,Walk,49,47.797444926340965,13.053330948888926
Salzach River Path,Hike,51,47.79991667845165,13.052028740130037
Salzach River Path,Ride,47,47.80057609817341,13.046318251537338
Salzach River Path,Walk,49,47.799950957877854,13.047440846066529
Salzach River Path,Hike,70,47.796898836849934,13.04875036284461
Salzach River Path,Ride,61,47.799866319940726,13.050052182100423
Salzach River Path,Hike,47,47.79804329574924,13.051035318040938
Salzach River Path,Hike,59,47.80100450882324,13.048548512373694
Salzach River Path,Run,29,47.800549897369145,13.050373533528955
Salzach River Path,Hike,50,47.79859018032051,13.048489234135294
Salzach River Path,Hike,72,47.799229199623994,13.048776964394017
Salzach River Path,Ride,41,47.798411179717164,13.047186677806303
Salzach River Path,Ride,32,47.79990598135409,13.04815353350778
Salzach River Path,Run,35,47.80143271348075,13.047296630788768
Salzach River Path,Hike,28,47.79852141093049,13.048048253494047
Salzach River Path,Run,33,47.80075606977327,13.052107283593216
Salzach River Path,Hike,39,47.799204613572435,13.048101202222337
Salzach River Path,Walk,23,47.7988106907516,13.055264764129676
Salzach River Path,Walk,45,47.79983945446006,13.050986635801763
Salzach River Path,Run,58,47.798447136516366,13.05036967224739
Salzach River Path,Run,31,47.79916952604198,13.048283284439638
Salzach River Path,Run,67,47.798203183161114,13.05140061975882
Salzach River Path,Ride,52,47.80294708769937,13.048848724347526
Salzach River Path,Ride,60,47.80005289532795,13.050244019629291
Salzach River Path,Ride,35,47.798950411738005,13.055120169076538
Salzach River Path,Run,57,47.8003209698661,13.049807880200552
Salzach River Path,Hike,28,47.79983150792546,13.052298546652572
Salzach River Path,Walk,58,47.799668545600696,13.04859364714975
Salzach River Path,Run,47,47.80092125005006,13.049930023019007
Salzach River Path,Ride,53,47.80113626156507,13.053541601271272
Salzach River Path,Ride,27,47.799204248278585,13.048746065884425
Salzach River Path,Run,31,47.79913627263903,13.053624897115995
Salzach River Path,Run,53,47.79958742245427,13.051415503870912
Salzach River Path,Ride,30,47.796547118252896,13.048875066448213
Salzach River Path,Hike,51,47.7977272134067,13.051264815478111
Salzach River Path,Ride,24,47.80205031140117,13.051945108899254
Salzach River Path,Ride,57,47.80246745157025,13.051243619924435
Salzach River Path,Run,26,47.79962644594066,13.04685955056022
Salzach River Path,Hike,53,47.80086483544458,13.048545725648351
Salzach River Path,Ride,54,47.80046687523181,13.049504962728898
Salzach River Path,Ride,34,47.80461832121268,13.0498511331418
Salzach River Path,Walk,53,47.801679362367146,13.051241344195102
Salzach River Path,Run,48,47.79980812361278,13.050355402001868
Salzach River Path,Walk,36,47.7985666893391,13.04732931128258
Salzach River Path,Walk,29,47.79759033051961,13.050760395702012
Salzach River Path,Ride,15,47.800305195453795,13.051221171490567
Salzach River Path,Run,50,47.798865473882074,13.051119580895863
Salzach River Path,Hike,21,47.7978666194356,13.05216156145111
Salzach River Path,Ride,46,47.799030140673636,13.0516678443091
Salzach River Path,Hike,41,47.79837767799457,13.050918360158457
Salzach River Path,Hike,55,47.80253071245261,13.049859668577083
Salzach River Path,Run,40,47.80132245963542,13.046678078132969
Salzach River Path,Walk,40,47.79998804103802,13.050859236438265
Salzach River Path,Run,55,47.80221991620833,13.050415375374326
Salzach River Path,Hike,50,47.80011605246147,13.050543157674392
Salzach River Path,Ride,49,47.798708073698,13.04744650284836
Salzach River Path,Hike,52,47.802284686115904,13.047837886919185
Salzach River Path,Ride,21,47.80080836506552,13.052106305706667
Salzach River Path,Ride,56,47.79844413076851,13.049920889692288
Salzach River Path,Run,54,47.79971449198287,13.051363001394746
Salzach River Path,Hike,29,47.79868657261992,13.050056636752261
Salzach River Path,Walk,41,47.79792580040355,13.050059512278992
Salzach River Path,Hike,44,47.801389266321294,13.051876567611952
Salzach River Path,Hike,42,47.8028641249607,13.048967910543565
Salzach River Path,Walk,50,47.79790214863927,13.050192241553882
Salzach River Path,Run,66,47.800844453855035,13.04907544942259
Salzach River Path,Hike,61,47.799024036146314,13.049131007545135
Salzach River Path,Hike,25,47.79926931192435,13.049381655753063
Salzach River Path,Ride,54,47.799111409113635,13.050444267543268
Salzach River Path,Hike,64,47.79870401384548,13.049042502756674
Salzach River Path,Walk,50,47.800072782441916,13.052511512251147
Salzach River Path,Ride,61,47.79875357482538,13.048210785395561
Salzach River Path,Run,75,47.800405685238665,13.049626256711678
Salzach River Path,Ride,60,47.799924642835826,13.049120537883452
Salzach River Path,Walk,48,47.7996415779297,13.052893955768708
Salzach River Path,Walk,60,47.79863865450694,13.050393109553024
Salzach River Path,Ride,47,47.79913484300415,13.052063689078938
Salzach River Path,Run,45,47.80113308683874,13.047028879253928
Salzach River Path,Ride,39,47.80075137578143,13.050534100531738
Salzach River Path,Run,68,47.7985336671328,13.051779261591248
Salzach River Path,Ride,32,47.80014899845814,13.050164567978552
Salzach River Path,Walk,67,47.801127080685056,13.052130960750132
Salzach River Path,Hike,52,47.79749589207832,13.0489654230998
Salzach River Path,Hike,24,47.80081504028857,13.052818694880372
Salzach River Path,Run,50,47.79900606436158,13.05459779624724
Salzach River Path,Run,13,47.80085589800289,13.049274322879121
Salzach River Path,Run,54,47.79885511126518,13.0491089949572
Salzach River Path,Walk,58,47.797292676849,13.052906768954236
Salzach River Path,Ride,36,47.79755868634317,13.053159144291461
Salzach River Path,Walk,46,47.80007212741999,13.048954279945693
Salzach River Path,Hike,74,47.800389583752576,13.049159626365809
Salzach River Path,Run,37,47.79864352506234,13.04943643078228
Salzach River Path,Ride,29,47.80095788868816,13.047311098977932
Salzach River Path,Hike,67,47.79750771990659,13.048162696107033
Salzach River Path,Hike,74,47.799900880302026,13.047991718466497
Salzach River Path,Hike,45,47.798183475700355,13.048464404869792
Salzach River Path,Walk,60,47.799022245838295,13.049930630225226
Salzach River Path,Run,65,47.800071098006974,13.050468429465074
Salzach River Path,Hike,33,47.79870937995207,13.05310100098563
Salzach River Path,Run,37,47.79942316668365,13.048003291918523
Salzach River Path,Walk,63,47.80150943921382,13.051968644796954
Salzach River Path,Hike,70,47.79913466219571,13.04957202231155
Salzach River Path,Walk,53,47.8012535381681,13.049901072580695
Salzach River Path,Walk,31,47.798305439718014,13.051349638984334
Salzach River Path,Run,74,47.80079470626687,13.047754555956876
Salzach River Path,Hike,37,47.802162352930985,13.050764819492368
Salzach River Path,Walk,39,47.796292533249805,13.050332904416427
Salzach River Path,Hike,50,47.79880465711679,13.050984902528016
Salzach River Path,Run,68,47.80086560819077,13.050578337287817
Salzach River Path,Walk,57,47.79969543192093,13.054910600279822
Salzach River Path,Run,51,47.80055671881006,13.048724520031499
Salzach River Path,Hike,51,47.799094022219926,13.048938006089998
Salzach River Path,Hike,45,47.800129884681205,13.04875371894715
Salzach River Path,Run,53,47.79976648414691,13.04888904576168
Salzach River Path,Ride,10,47.80175167309249,13.048725225745388
Salzach River Path,Walk,40,47.80038163126495,13.052378033062215
Salzach River Path,Hike,48,47.80050640399311,13.05284100849598
Salzach River Path,Hike,27,47.799382184550815,13.048858507412502
Salzach River Path,Walk,50,47.799268590663885,13.048335288853792
Salzach River Path,Run,41,47.79935116271827,13.050942831112774
Salzach River Path,Run,71,47.800591678213564,13.04889555391144
Salzach River Path,Run,68,47.799368523278766,13.051265863635512
Salzach River Path,Ride,38,47.80043466228534,13.050405846041704
Salzach River Path,Ride,42,47.803113101197965,13.046968511770006
Salzach River Path,Hike,43,47.801306687055146,13.05309501040266
Salzach River Path,Run,38,47.799510964701746,13.053591755346192
Salzach River Path,Walk,47,47.80180182088324,13.048774422619031
Salzach River Path,Hike,33,47.799387886940465,13.049224596880128
Salzach River Path,Walk,28,47.796942813197234,13.050571730781451
Salzach River Path,Hike,54,47.79848787053362,13.050668913579974
Salzach River Path,Ride,54,47.79719381211846,13.051317088545346
Salzach River Path,Hike,32,47.79947272977393,13.054020409077534
Salzach River Path,Ride,58,47.80002762756878,13.049646105545012
Salzach River Path,Hike,35,47.80251465596841,13.048403405510923
Salzach River Path,Run,48,47.80049039106064,13.047241361543971
Salzach River Path,Walk,57,47.79967134920678,13.048538139920117
Salzach River Path,Run,44,47.80124410837177,13.049933746054252
Salzach River Path,Hike,51,47.79668329703649,13.053589115727036
Salzach River Path,Hike,37,47.80035342183716,13.048964777401928
Salzach River Path,Hike,42,47.801156297790826,13.050447575903279
Salzach River Path,Ride,41,47.797782120631325,13.049967154207856
Salzach River Path,Walk,33,47.80171563106481,13.052376786546898
Salzach River Path,Walk,42,47.80050774461124,13.055053864851748
Salzach River Path,Hike,21,47.79937706812915,13.04893826245416
Salzach River Path,Hike,37,47.80094917279916,13.049021121114965
Salzach River Path,Ride,40,47.803406039286706,13.05208832175414
Salzach River Path,Run,41,47.80027279938258,13.051363782979253
Salzach River Path,Run,41,47.80037233087945,13.053693414651473
Salzach River Path,Walk,44,47.799310958650686,13.051167856370652
Salzach River Path,Ride,52,47.7987252334458,13.049281415818427
Salzach River Path,Hike,58,47.801245503724815,13.051181309661386
Salzach River Path,Walk,35,47.798715874261134,13.052217407161166
Salzach River Path,Ride,26,47.80010734935583,13.051640964362395
Salzach River Path,Run,29,47.79928351382985,13.051014548062215
Salzach River Path,Ride,37,47.80071846973862,13.05213334937918
Salzach River Path,Run,39,47.80050049315793,13.052338591180892
Salzach River Path,Ride,33,47.801556309916386,13.052764317982076
Salzach River Path,Walk,25,47.79923497540172,13.05129741977518
Salzach River Path,Run,38,47.799595187597056,13.049665763839368
Salzach River Path,Walk,47,47.79853185442632,13.050293427372868
Salzach River Path,Walk,53,47.799333560109886,13.052413017933018
Salzach River Path,Run,36,47.80056595073957,13.048366128658026
Salzach River Path,Run,38,47.80113548292496,13.050737346617746
Salzach River Path,Hike,31,47.79861675201373,13.049213322375346
Salzach River Path,Hike,44,47.801304408880156,13.050057489645871
Salzach River Path,Hike,32,47.8020334567882,13.052556903725215
Salzach River Path,Walk,53,47.80062015235483,13.05038219813604
Salzach River Path,Walk,18,47.802815193718835,13.050092873096313
Salzach River Path,Hike,39,47.798839316201345,13.04728028771804
Salzach River Path,Walk,49,47.79813301794503,13.051492507132055
Salzach River Path,Walk,47,47.79733191962664,13.051290968362283
Salzach River Path,Run,85,47.80224406646723,13.05432650944661
Salzach River Path,Run,50,47.80098154848453,13.049384443530094
Salzach River Path,Walk,29,47.799916622993635,13.050438300655328
Salzach River Path,Hike,43,47.80041995293948,13.050498767367422
Salzach River Path,Ride,18,47.79831176642905,13.053154906559527
Salzach River Path,Hike,43,47.80366862796942,13.049809408935227
Salzach River Path,Ride,32,47.80019383177296,13.050558043051542
Salzach River Path,Hike,58,47.800164092191906,13.051215793019434
Salzach River Path,Run,36,47.80108864993584,13.050373218246314
Salzach River Path,Walk,43,47.800721513847606,13.0491071327709
Salzach River Path,Walk,35,47.80033582603642,13.050388179985797
Salzach River Path,Run,71,47.79881428831683,13.05214726349972
Salzach River Path,Ride,40,47.8007072025357,13.04794696940118
Salzach River Path,Ride,72,47.80282303674471,13.050265939348295
Salzach River Path,Ride,57,47.80201813006923,13.048599758370122
Salzach River Path,Run,52,47.80238977993996,13.05239009325785
Salzach River Path,Ride,50,47.79923317648535,13.046953626190433
Salzach River Path,Run,50,47.79851559276961,13.048882156305458
Salzach River Path,Hike,16,47.79981131961985,13.05075442375013
Salzach River Path,Hike,40,47.80008358736843,13.05313104805847
Salzach River Path,Run,57,47.801641287277704,13.049868499477855
Salzach River Path,Walk,44,47.79746130305543,13.048889600946614
Salzach River Path,Hike,23,47.80229432547919,13.053762314138883
Salzach River Path,Ride,44,47.79976298815213,13.047103972199169
Salzach River Path,Run,70,47.79935967839508,13.04560238808676
Salzach River Path,Ride,63,47.79848184343711,13.050880028900107
Salzach River Path,Ride,44,47.797517714992196,13.048995891551295
Salzach River Path,Walk,59,47.80123475587594,13.04795753436574
Salzach River Path,Ride,39,47.80010997695078,13.0514167128946
Salzach River Path,Walk,19,47.79806505865039,13.050487601427543
Salzach River Path,Hike,31,47.7980573818419,13.048871842738528
Salzach River Path,Run,68,47.799496322951065,13.047439391202658
Salzach River Path,Ride,40,47.80250353228793,13.051744914656561
Salzach River Path,Run,41,47.79961061297295,13.051300402355919
Salzach River Path,Ride,40,47.79774528557032,13.049801648272442
Salzach River Path,Run,73,47.79963138540387,13.053693273992096
Salzach River Path,Ride,69,47.79959091464538,13.047859830467349
Salzach River Path,Ride,78,47.795954670035584,13.046948949658152
Salzach River Path,Ride,42,47.799918557700224,13.048616183860238
Salzach River Path,Ride,49,47.799653598204685,13.04990882796729
Salzach River Path,Ride,22,47.801044309547216,13.050486678898647
Salzach River Path,Ride,67,47.802773434142416,13.049517527884287
Salzach River Path,Ride,27,47.80168984754432,13.05070411079303
Salzach River Path,Ride,48,47.79959666696416,13.04749692115162
Salzach River Path,Ride,28,47.79834021113688,13.052887529208148
Salzach River Path,Run,36,47.80386003970487,13.049835697643216
Salzach River Path,Walk,32,47.80008882765102,13.052234591663177
Salzach River Path,Ride,35,47.80002089393787,13.050685450692756
Salzach River Path,Walk,36,47.799963812369334,13.050913506438308
Salzach River Path,Ride,36,47.80029712714115,13.051139534560464
Salzach River Path,Ride,57,47.79978345938211,13.050895417120035
Salzach River Path,Run,28,47.799139506989675,13.051285445519737
Salzach River Path,Hike,48,47.79917971158814,13.052658305060266
Salzach River Path,Hike,63,47.799950870094676,13.050393042339403
Salzach River Path,Run,37,47.7991848628433,13.051418007515178
Salzach River Path,Walk,34,47.79893073132598,13.049820528611427
Salzach River Path,Hike,41,47.80015964534154,13.0528802344309
Salzach River Path,Run,62,47.79961753417387,13.048647215395881
Salzach River Path,Run,47,47.80225598948287,13.053601880865822
Salzach River Path,Hike,37,47.796023545287404,13.049919684098713
Salzach River Path,Walk,52,47.80163726027788,13.047138449795765
Salzach River Path,Run,28,47.80186912778874,13.050256208829822
Salzach River Path,Ride,55,47.79688991465139,13.048637896685051
Salzach River Path,Walk,51,47.79948596860888,13.051681287097978
Salzach River Path,Walk,40,47.799442838701005,13.048694752041396
Salzach River Path,Hike,32,47.79788873245792,13.049107633133572
Salzach River Path,Hike,31,47.79883327496861,13.04622091853811
Salzach River Path,Ride,53,47.7983341362318,13.049095387361502
Salzach River Path,Run,63,47.80262840566513,13.045152241346743
Salzach River Path,Hike,35,47.80140351758972,13.04683219435303
Salzach River Path,Hike,51,47.801907332642486,13.05152082931229
Salzach River Path,Walk,13,47.80108250809606,13.051571600317303
Salzach River Path,Hike,36,47.798306422343174,13.05085091512357
Salzach River Path,Hike,44,47.799213219600574,13.048066047713743
Salzach River Path,Hike,31,47.80073406184184,13.049904577287716
Salzach River Path,Hike,30,47.79816680828666,13.04999279492182
Salzach River Path,Walk,34,47.80106949764526,13.047683270621615
Salzach River Path,Ride,49,47.79963951190276,13.053006796603535
Salzach River Path,Ride,42,47.79943776878867,13.051754724581151
Salzach River Path,Run,11,47.8010664399523,13.049558071652342
Salzach River Path,Hike,13,47.80066639496722,13.05005377167799
Salzach River Path,Walk,35,47.79945855075127,13.050416765615896
Salzach River Path,Run,51,47.80173899470504,13.045916530263153
Salzach River Path,Run,10,47.7983784050086,13.049505645234959
Salzach River Path,Ride,37,47.800923903410414,13.048636031504005
Salzach River Path,Walk,37,47.80088965188695,13.047996759980212
Salzach River Path,Walk,65,47.79953568034102,13.049437799414228
Salzach River Path,Walk,39,47.80048919953336,13.0535953730537
Salzach River Path,Ride,50,47.798123329635416,13.051281685722534
Salzach River Path,Ride,47,47.801386040528804,13.048857642020435
Salzach River Path,Ride,13,47.79972264679533,13.051145165562714
Kapuzinerberg,Ride,56,47.806599033154875,13.058750449005297
Kapuzinerberg,Ride,48,47.80588695052437,13.05764118891775
Kapuzinerberg,Hike,52,47.804589445554875,13.058744595006065
Kapuzinerberg,Hike,103,47.80352959483344,13.059586596058073
Kapuzinerberg,Walk,13,47.80554733497042,13.058597720140652
Kapuzinerberg,Run,70,47.80509022807813,13.058581183382408
Kapuzinerberg,Walk,40,47.80584278983004,13.057096016624387
Kapuzinerberg,Run,49,47.80545275770252,13.057174198164898
Kapuzinerberg,Ride,44,47.80607432907298,13.055694789456401
Kapuzinerberg,Run,38,47.80369714718265,13.061999153486374
Kapuzinerberg,Walk,36,47.806476091098446,13.056012273529218
Kapuzinerberg,Walk,49,47.80479639940704,13.057114189604409
Kapuzinerberg,Run,22,47.807612891308935,13.057063185468863
Kapuzinerberg,Hike,56,47.80346621827286,13.06028984875389
Kapuzinerberg,Ride,38,47.807103945704746,13.057910100643417
Kapuzinerberg,Ride,28,47.80479686617519,13.060995484145348
Kapuzinerberg,Walk,38,47.80352287299458,13.057153018751512
Kapuzinerberg,Hike,63,47.80377417124892,13.059057988324447
Kapuzinerberg,Run,36,47.804019479037706,13.056829305893482
Kapuzinerberg,Ride,50,47.8051362489196,13.062790298255548
Kapuzinerberg,Hike,34,47.80528425323205,13.056124803161941
Kapuzinerberg,Ride,56,47.80363944999409,13.059119641420455
Kapuzinerberg,Hike,55,47.80446346811161,13.059767553761864
Kapuzinerberg,Hike,72,47.80771340553792,13.059327598194903
Kapuzinerberg,Walk,42,47.80709131475515,13.058129424682246
Kapuzinerberg,Ride,55,47.80515448550451,13.058240358600534
Kapuzinerberg,Run,46,47.80455700521725,13.058587622943959
Kapuzinerberg,Walk,64,47.80468004699007,13.058205995996744
Kapuzinerberg,Walk,34,47.80542027695909,13.06042775823359
Kapuzinerberg,Run,56,47.8029658111522,13.062921046003183
Kapuzinerberg,Walk,42,47.80411393519386,13.057385016429985
Kapuzinerberg,Hike,44,47.80199712388918,13.055760394040842
Kapuzinerberg,Hike,46,47.8050988346839,13.058323435903297
Kapuzinerberg,Ride,48,47.80547079390955,13.063659418675309
Kapuzinerberg,Ride,43,47.80377522030655,13.05689265086406
Kapuzinerberg,Run,48,47.80686098014493,13.06177823361089
Kapuzinerberg,Ride,68,47.80266135150549,13.061855401628153
Kapuzinerberg,Hike,59,47.80230343767968,13.057392823516585
Kapuzinerberg,Run,58,47.804836677727835,13.059637966158371
Kapuzinerberg,Run,38,47.806070647453915,13.061756793246257
Kapuzinerberg,Ride,31,47.80702589153719,13.057741744518026
Kapuzinerberg,Hike,59,47.80381167360569,13.058092839279796
Kapuzinerberg,Run,58,47.80611802125014,13.057336638172103
Kapuzinerberg,Hike,67,47.804442237295746,13.056470486538615
Kapuzinerberg,Hike,35,47.804241059050085,13.057201444909868
Kapuzinerberg,Hike,41,47.805825489906226,13.056052119466475
Kapuzinerberg,Ride,20,47.80547848431762,13.058568166936519
Kapuzinerberg,Walk,39,47.80213541176452,13.056960053537884
Kapuzinerberg,Walk,59,47.80671481052459,13.058967571823581
Kapuzinerberg,Run,38,47.806570137031215,13.055388208707592
Kapuzinerberg,Hike,54,47.80356165594773,13.059161760464429
Kapuzinerberg,Ride,42,47.80509370530015,13.060167057923218
Kapuzinerberg,Hike,49,47.80524104527942,13.054512528714858
Kapuzinerberg,Hike,27,47.80489101064873,13.059248113139695
Kapuzinerberg,Ride,46,47.80367454226923,13.060955337984947
Kapuzinerberg,Walk,10,47.80349256494809,13.056080717962619
Kapuzinerberg,Hike,42,47.80446166889351,13.061845144773676
Kapuzinerberg,Hike,20,47.80625909352889,13.059338038018733
Kapuzinerberg,Walk,63,47.80531540023189,13.057089976288484
Kapuzinerberg,Ride,56,47.80394407850187,13.058388461844684
Kapuzinerberg,Run,52,47.80565754806597,13.059616653825044
Kapuzinerberg,Walk,67,47.80022718606905,13.058652010782826
Kapuzinerberg,Run,30,47.80622314855056,13.059577511984893
Kapuzinerberg,Run,71,47.80189042933183,13.05665865281384
Kapuzinerberg,Walk,58,47.803956338587895,13.058838721648073
Kapuzinerberg,Hike,41,47.80282049515806,13.055672571006191
Kapuzinerberg,Run,62,47.802557977786414,13.058277547877303
Kapuzinerberg,Run,28,47.806241240181066,13.05669218471707
Kapuzinerberg,Ride,32,47.80379844819803,13.05702894011482
Kapuzinerberg,Hike,35,47.80501975582259,13.060972186350421
Kapuzinerberg,Run,37,47.80442961913168,13.06068262024119
Kapuzinerberg,Ride,29,47.80521556124083,13.059718276241815
Kapuzinerberg,Hike,63,47.80461523283659,13.056315374470655
Kapuzinerberg,Walk,41,47.80257551166371,13.05786718310061
Kapuzinerberg,Walk,50,47.80599440022917,13.06092619539996
Kapuzinerberg,Ride,36,47.80375936512525,13.05878343382728
Kapuzinerberg,Walk,17,47.80216512715201,13.063138659079964
Kapuzinerberg,Run,49,47.80385782725855,13.05928663567879
Kapuzinerberg,Hike,16,47.80675113968595,13.05888409823298
Kapuzinerberg,Run,43,47.805775332613166,13.057881767071596
Kapuzinerberg,Run,24,47.80397702179839,13.058767081809565
Kapuzinerberg,Walk,74,47.80397611344352,13.05819506032724
Kapuzinerberg,Run,58,47.80401754742317,13.059916217353377
Kapuzinerberg,Walk,46,47.80761512197534,13.06041340463359
Kapuzinerberg,Hike,63,47.80507290317834,13.056928021078985
Kapuzinerberg,Hike,32,47.805145062470785,13.055837534092884
Kapuzinerberg,Run,53,47.80604542518105,13.054827589253794
Kapuzinerberg,Ride,47,47.80485818373854,13.059515982653826
Kapuzinerberg,Walk,48,47.80411143678127,13.056293266787653
Kapuzinerberg,Walk,64,47.80420547522637,13.054194218814095
Kapuzinerberg,Run,55,47.80439259811087,13.059277157209062
Kapuzinerberg,Walk,49,47.80444416664523,13.063485999034866
Kapuzinerberg,Walk,20,47.80559144431545,13.058487858176921
Kapuzinerberg,Ride,30,47.804577918828706,13.060176981548905
Kapuzinerberg,Ride,43,47.80559896011582,13.058663658717096
Kapuzinerberg,Run,46,47.80437892512983,13.058302220693617
Kapuzinerberg,Ride,28,47.80461795278547,13.060338152965976
Kapuzinerberg,Run,81,47.8015026989732,13.057919450911623
Kapuzinerberg,Hike,67,47.80587449151205,13.059034784628144
Kapuzinerberg,Run,54,47.805019732713845,13.059143395612393
Kapuzinerberg,Hike,46,47.805997015164785,13.057163819092715
Kapuzinerberg,Run,41,47.800155616932706,13.060484084699073
Kapuzinerberg,Walk,30,47.807632562057165,13.058150080486609
Kapuzinerberg,Ride,46,47.80429061555776,13.056988509681014
Kapuzinerberg,Hike,48,47.8061622742251,13.059573019687141
Kapuzinerberg,Run,26,47.80294014110931,13.056703064036418
Kapuzinerberg,Ride,50,47.80541916085759,13.05855636231474
Kapuzinerberg,Run,42,47.80291987665524,13.058481762006712
Kapuzinerberg,Ride,16,47.80356434655895,13.060671791131664
Kapuzinerberg,Ride,32,47.8073710470308,13.05944939646576
Kapuzinerberg,Run,38,47.804213976398856,13.05844994608251
Kapuzinerberg,Hike,73,47.80482614930977,13.060135532598402
Kapuzinerberg,Hike,53,47.80580510159603,13.061280415098036
Kapuzinerberg,Walk,24,47.80524352283196,13.059615620612703
Kapuzinerberg,Ride,52,47.804725628357716,13.058520705239687
Kapuzinerberg,Walk,21,47.805047441503696,13.0558763275353
Kapuzinerberg,Walk,61,47.80810512337786,13.05636977267385
Kapuzinerberg,Run,37,47.804413571804446,13.057889550591291
Kapuzinerberg,Run,43,47.80480164857007,13.057280975595681
Kapuzinerberg,Run,64,47.806075981594006,13.058126057394029
Kapuzinerberg,Ride,25,47.80615828889943,13.058613299849794
Kapuzinerberg,Run,24,47.806280545458335,13.059559385508713
Kapuzinerberg,Run,36,47.805458095333044,13.058359002443883
Kapuzinerberg,Ride,60,47.8027854926309,13.059473003287653
Kapuzinerberg,Ride,22,47.80695014729845,13.05862894882962
Kapuzinerberg,Hike,10,47.80278048191047,13.054549066867292
Kapuzinerberg,Run,38,47.80495395319785,13.056621329212362
Kapuzinerberg,Run,53,47.80336858622497,13.058211824888557
Kapuzinerberg,Run,63,47.80440379248011,13.056080610514318
Kapuzinerberg,Hike,38,47.804993143615455,13.059699857459993
Kapuzinerberg,Run,38,47.80498203582317,13.061561501664688
Kapuzinerberg,Hike,62,47.80513288113135,13.060937523703394
Kapuzinerberg,Walk,16,47.806920566903585,13.05807311425814
Kapuzinerberg,Hike,39,47.80518030145227,13.0614814522737
Kapuzinerberg,Walk,47,47.80413376504706,13.058797334914404
Kapuzinerberg,Run,51,47.80594613075243,13.057825828057764
Kapuzinerberg,Walk,37,47.806284205733384,13.057273194672918
Kapuzinerberg,Hike,45,47.80265858827729,13.057895060627024
Kapuzinerberg,Ride,10,47.80539610010477,13.057723646362918
Kapuzinerberg,Walk,35,47.80555175911346,13.058840832444751
Kapuzinerberg,Walk,51,47.804053654744955,13.0588211479621
Kapuzinerberg,Run,30,47.80656356021996,13.058506092040307
Kapuzinerberg,Hike,45,47.80427491661945,13.059373876339492
Kapuzinerberg,Walk,51,47.8046883646802,13.060881292549572
Kapuzinerberg,Walk,39,47.80424039226357,13.060399108270882
Kapuzinerberg,Walk,47,47.80452336857137,13.0555302040631
Kapuzinerberg,Walk,30,47.802855587369656,13.053392157730196
Kapuzinerberg,Ride,41,47.80233992367611,13.06036863982248
Kapuzinerberg,Hike,54,47.80689175759483,13.05576624260317
Kapuzinerberg,Run,47,47.80322955797752,13.058050469196216
Kapuzinerberg,Run,36,47.80301291147581,13.056159773947881
Kapuzinerberg,Ride,48,47.80126991482959,13.05489603912484
Kapuzinerberg,Hike,55,47.803541557378466,13.05958292545641
Kapuzinerberg,Walk,14,47.80251536530989,13.060018310320606
Kapuzinerberg,Ride,62,47.8069630227402,13.057346979198547
Kapuzinerberg,Hike,39,47.806014725634014,13.053317915415711
Kapuzinerberg,Walk,51,47.80346777448223,13.057407511103495
Kapuzinerberg,Ride,62,47.807878653708016,13.059283608010805
Kapuzinerberg,Hike,24,47.80597264823049,13.055542176862453
Kapuzinerberg,Run,34,47.804012752924734,13.058866719839559
Kapuzinerberg,Run,40,47.80075089142769,13.058469380301654
Kapuzinerberg,Hike,33,47.80793641385888,13.059658582999203
Kapuzinerberg,Run,71,47.80241564129985,13.05873916073683
Kapuzinerberg,Hike,32,47.80203190187956,13.056553862118237
Kapuzinerberg,Walk,36,47.80603385564801,13.06089314300333
Kapuzinerberg,Hike,48,47.80815962860951,13.058182940853946
Kapuzinerberg,Walk,26,47.806576409227766,13.05844539092098
Kapuzinerberg,Ride,39,47.805345863680074,13.056633464081854
Kapuzinerberg,Hike,49,47.8053921315125,13.057613435497617
Kapuzinerberg,Ride,40,47.80578012333817,13.056730394571947
Kapuzinerberg,Run,43,47.805638392884674,13.058154107880153
Kapuzinerberg,Walk,37,47.80492178713595,13.061923416960285
Kapuzinerberg,Hike,22,47.804656301655925,13.055756197714137
Kapuzinerberg,Ride,49,47.80440611030815,13.055272877204247
Kapuzinerberg,Walk,71,47.8033690531167,13.061442340654988
Kapuzinerberg,Walk,45,47.8040789873847,13.058081352645697
Kapuzinerberg,Run,48,47.8019605647787,13.05716185452268
Kapuzinerberg,Run,55,47.80435249055981,13.060579809374792
Kapuzinerberg,Walk,25,47.80301711333927,13.057288768920527
Kapuzinerberg,Walk,70,47.802844616024174,13.062152019427094
Kapuzinerberg,Hike,48,47.80476984122673,13.059855851742679
Kapuzinerberg,Walk,69,47.80658800342952,13.057524177183709
Kapuzinerberg,Hike,34,47.805877474909,13.06281461642653
Kapuzinerberg,Walk,72,47.80214424909456,13.057288570153993
Kapuzinerberg,Run,56,47.80301555779514,13.05998419074402
Kapuzinerberg,Hike,53,47.80591115678198,13.059098585160813
Kapuzinerberg,Ride,48,47.80302626890969,13.061103482578797
Kapuzinerberg,Run,41,47.804163050275,13.061623022393453
Kapuzinerberg,Hike,63,47.805325078148535,13.058564008298132
Kapuzinerberg,Hike,47,47.803047483317705,13.056993164259309
Kapuzinerberg,Ride,15,47.80465806325922,13.059419944285878
Kapuzinerberg,Hike,28,47.80249896175762,13.057144569260496
Kapuzinerberg,Walk,42,47.80359794853407,13.062526774495053
Kapuzinerberg,Ride,49,47.80497967290121,13.058773070662166
Kapuzinerberg,Run,44,47.8021105093997,13.057769356897376
Kapuzinerberg,Run,63,47.80516071210694,13.05886936061173
Kapuzinerberg,Walk,15,47.804470543301605,13.05580574742094
Kapuzinerberg,Run,47,47.80532873493162,13.05655677192298
Kapuzinerberg,Hike,17,47.80483587120109,13.060900827815889
Kapuzinerberg,Hike,56,47.80654621064496,13.057186211442058
Hellbrunn Palace Park,Walk,43,47.76102963352598,13.06049969184704
Hellbrunn Palace Park,Run,51,47.76340497912879,13.060292652499646
Hellbrunn Palace Park,Run,32,47.764378556231996,13.058944034826487
Hellbrunn Palace Park,Walk,64,47.763678429966,13.059046239291922
Hellbrunn Palace Park,Ride,60,47.76409407152871,13.060247042216197
Hellbrunn Palace Park,Run,53,47.76146480736715,13.061434731013634
Hellbrunn Palace Park,Ride,43,47.76046728399989,13.062527169252467
Hellbrunn Palace Park,Run,53,47.76485200047793,13.05909364209864
Hellbrunn Palace Park,Run,34,47.76211598024174,13.06368537713792
Hellbrunn Palace Park,Run,57,47.762223750475314,13.060157752797915
Hellbrunn Palace Park,Run,69,47.76459229121277,13.060657265411304
Hellbrunn Palace Park,Hike,61,47.7634343450141,13.059205576641705
Hellbrunn Palace Park,Ride,34,47.76328383165812,13.055851519479456
Hellbrunn Palace Park,Ride,50,47.76584750351735,13.062468090792724
Hellbrunn Palace Park,Run,25,47.76163472265443,13.062173687794186
Hellbrunn Palace Park,Run,53,47.76399176019212,13.060137344885764
Hellbrunn Palace Park,Ride,51,47.762685519687345,13.06083398143445
Hellbrunn Palace Park,Hike,16,47.76300288841829,13.06173187843541
Hellbrunn Palace Park,Walk,27,47.76489270263962,13.057574908286227
Hellbrunn Palace Park,Walk,40,47.763361753634435,13.059641894645308
Hellbrunn Palace Park,Ride,40,47.76340744411857,13.062288529359245
Hellbrunn Palace Park,Run,26,47.76420876100596,13.058191421153662
Hellbrunn Palace Park,Run,50,47.76205257090569,13.061287115864333
Hellbrunn Palace Park,Hike,48,47.76134118549899,13.057986836390754
Hellbrunn Palace Park,Walk,42,47.761032786208965,13.061632859964869
Hellbrunn Palace Park,Hike,33,47.75965046511593,13.060628717035407
Hellbrunn Palace Park,Walk,60,47.76568431069491,13.057469736368189
Hellbrunn Palace Park,Ride,69,47.76094518745142,13.063029478708915
Hellbrunn Palace Park,Walk,37,47.762268119564624,13.059230816846405
Hellbrunn Palace Park,Hike,35,47.76218478005016,13.059079495125971
Hellbrunn Palace Park,Hike,52,47.76306111004671,13.061101138394463
Hellbrunn Palace Park,Hike,39,47.76382360581881,13.062997274698859
Hellbrunn Palace Park,Ride,42,47.76389071023254,13.058668356362045
Hellbrunn Palace Park,Walk,56,47.76172538384215,13.060823359699697
Hellbrunn Palace Park,Walk,16,47.76234931742932,13.061557633000662
Hellbrunn Palace Park,Hike,64,47.76302386992573,13.062086211214528
Hellbrunn Palace Park,Walk,46,47.762226963310724,13.061052883110555
Hellbrunn Palace Park,Run,38,47.76501101836403,13.059965944321833
Hellbrunn Palace Park,Run,43,47.76333646242745,13.059044819558704
Hellbrunn Palace Park,Run,44,47.76370231667907,13.060872287766093
Hellbrunn Palace Park,Walk,19,47.763594321903,13.05855572197603
Hellbrunn Palace Park,Ride,67,47.76436021078623,13.054857299033012
Hellbrunn Palace Park,Ride,45,47.76287153233805,13.061573119608315
Hellbrunn Palace Park,Ride,51,47.76065475207807,13.062507869682173
Hellbrunn Palace Park,Ride,59,47.763199531927626,13.055974135128917
Hellbrunn Palace Park,Run,29,47.76162296465931,13.05868053859058
Hellbrunn Palace Park,Run,52,47.761807074977376,13.061938308522011
Hellbrunn Palace Park,Hike,40,47.76347954602813,13.064814990939425
Hellbrunn Palace Park,Walk,57,47.76445742460715,13.060741587415352
Hellbrunn Palace Park,Walk,13,47.762631907365105,13.059243994117542
Hellbrunn Palace Park,Ride,43,47.7630632495189,13.06033420711779
Hellbrunn Palace Park,Run,35,47.76515332241695,13.063449752838297
Hellbrunn Palace Park,Ride,51,47.76296112976923,13.059408071641752
Hellbrunn Palace Park,Hike,52,47.76650252467127,13.0591016159867
Hellbrunn Palace Park,Walk,34,47.763448264468444,13.059734512955636
Hellbrunn Palace Park,Walk,34,47.759958855861264,13.058793342783483
Hellbrunn Palace Park,Ride,43,47.76373001243166,13.06094534063199
Hellbrunn Palace Park,Hike,31,47.76317173757732,13.06394935691694
Hellbrunn Palace Park,Walk,57,47.76453462913112,13.061346158546232
Hellbrunn Palace Park,Hike,39,47.7636097720269,13.060195292995749
Hellbrunn Palace Park,Hike,10,47.76239231602403,13.060116377462169
Hellbrunn Palace Park,Ride,39,47.760763552645564,13.057573618382607
Hellbrunn Palace Park,Run,29,47.76228646511407,13.062466219554295
Hellbrunn Palace Park,Ride,20,47.76132421931869,13.060544325605974
Hellbrunn Palace Park,Run,26,47.761729214825294,13.060339040172819
Hellbrunn Palace Park,Hike,46,47.76348286760663,13.06708621513569
Hellbrunn Palace Park,Run,64,47.76510485675652,13.061297505816732
Hellbrunn Palace Park,Hike,49,47.763192007294734,13.05919641789981
Hellbrunn Palace Park,Walk,35,47.76080617540695,13.05984728480759
Hellbrunn Palace Park,Walk,51,47.76326690400233,13.062996891418393
Hellbrunn Palace Park,Walk,38,47.76439494722997,13.060926540821075
Hellbrunn Palace Park,Ride,34,47.76168532564352,13.057823444043366
Hellbrunn Palace Park,Ride,27,47.76239897424999,13.06253845786915
Hellbrunn Palace Park,Hike,18,47.76262203229209,13.059363711828922
Hellbrunn Palace Park,Walk,39,47.76142265253038,13.064446595552436
Hellbrunn Palace Park,Ride,47,47.76357242065077,13.06286009613143
Hellbrunn Palace Park,Walk,43,47.76241857777709,13.059805356208683
Hellbrunn Palace Park,Ride,38,47.76322929866586,13.06326203272347
Hellbrunn Palace Park,Run,30,47.7612687617333,13.060835711021056
Hellbrunn Palace Park,Run,54,47.76194381254951,13.062405547350245
Hellbrunn Palace Park,Walk,25,47.76368357203674,13.061669465634589
Hellbrunn Palace Park,Hike,56,47.762040750271865,13.059007286690019
Hellbrunn Palace Park,Ride,29,47.76519044577685,13.059412900335365
Hellbrunn Palace Park,Ride,33,47.76200054572158,13.062759921635163
Hellbrunn Palace Park,Run,22,47.762937027088626,13.060030449335787
Hellbrunn Palace Park,Run,37,47.76399888624781,13.059892703073517
Hellbrunn Palace Park,Hike,59,47.7604724514006,13.058789754841301
Hellbrunn Palace Park,Hike,52,47.75995878678203,13.061547198131187
Hellbrunn Palace Park,Hike,59,47.760311515528144,13.064825049838486
Hellbrunn Palace Park,Walk,52,47.76449387615514,13.058564934171493
Hellbrunn Palace Park,Run,28,47.76177221278116,13.060748438913347
Hellbrunn Palace Park,Walk,40,47.7664372989285,13.06352444111083
Hellbrunn Palace Park,Run,33,47.761753628602015,13.06054071721751
Hellbrunn Palace Park,Run,64,47.762876826954795,13.0616047435925
Hellbrunn Palace Park,Ride,27,47.76491316492885,13.058575212943706
Hellbrunn Palace Park,Run,58,47.76560913933224,13.061556614194416
Hellbrunn Palace Park,Run,58,47.765692255364954,13.060325711469991
Hellbrunn Palace Park,Walk,72,47.76441254934589,13.06267145999136
Hellbrunn Palace Park,Run,38,47.764136093788714,13.06307477210313
Hellbrunn Palace Park,Walk,55,47.7634887904238,13.065879127284038
Hellbrunn Palace Park,Hike,79,47.76376754161425,13.061859266346428
Hellbrunn Palace Park,Run,35,47.76177322142551,13.061351592633166
Hellbrunn Palace Park,Run,21,47.761372701674865,13.061088768603156
Hellbrunn Palace Park,Walk,16,47.76259493831388,13.059993667414378
Hellbrunn Palace Park,Hike,55,47.762344723066214,13.061376967686924
Hellbrunn Palace Park,Ride,16,47.761920157926006,13.060109197179722
Hellbrunn Palace Park,Hike,39,47.763644581171185,13.06103692195254
Hellbrunn Palace Park,Walk,51,47.76403295781285,13.063335195071216
Hellbrunn Palace Park,Hike,47,47.76273261032944,13.058686914869442
Hellbrunn Palace Park,Walk,51,47.764816295121584,13.062979757122259
Hellbrunn Palace Park,Walk,48,47.760887466328796,13.06333423013468
Hellbrunn Palace Park,Ride,64,47.76230951081108,13.060463862946019
Hellbrunn Palace Park,Run,30,47.761524766519095,13.056456290201984
Hellbrunn Palace Park,Walk,34,47.75980019507439,13.059484356025811
Hellbrunn Palace Park,Walk,33,47.76247597897124,13.063293989093124
Hellbrunn Palace Park,Ride,57,47.762417378737425,13.060654263875403
Hellbrunn Palace Park,Walk,58,47.76487017461486,13.058701395535412
Hellbrunn Palace Park,Run,51,47.76354621752683,13.059690450157545
Hellbrunn Palace Park,Ride,62,47.761063719763506,13.06238124005301
Hellbrunn Palace Park,Run,27,47.7653811388495,13.061793467136404
Hellbrunn Palace Park,Run,70,47.764431550543286,13.060222135801661
Hellbrunn Palace Park,Ride,67,47.7634731465552,13.05996635117637
Hellbrunn Palace Park,Walk,56,47.76226027385172,13.059916483701913
Hellbrunn Palace Park,Run,71,47.761160841144914,13.058855179631003
Hellbrunn Palace Park,Run,20,47.76204168983589,13.063930751378939
Hellbrunn Palace Park,Run,37,47.764233122929554,13.060055359061577
Hellbrunn Palace Park,Run,33,47.7654268794589,13.063134317041651
Hellbrunn Palace Park,Ride,55,47.764914865292404,13.063742632103846
Hellbrunn Palace Park,Ride,29,47.76186672586732,13.062696621796297
Hellbrunn Palace Park,Hike,56,47.760920573850065,13.059836759374564
Hellbrunn Palace Park,Hike,65,47.762811329370365,13.061507460180675
Hellbrunn Palace Park,Run,55,47.759947340951655,13.060651608787218
Hellbrunn Palace Park,Walk,49,47.76308475157128,13.05889259627854
Hellbrunn Palace Park,Run,30,47.76237859612055,13.061348718563444
Hellbrunn Palace Park,Walk,32,47.7619009452472,13.05834192041768
Hellbrunn Palace Park,Run,63,47.7602079453991,13.063075358776924
Hellbrunn Palace Park,Hike,56,47.76337040015985,13.059770765405403
Hellbrunn Palace Park,Hike,44,47.76180094874051,13.061102319311747
Hellbrunn Palace Park,Walk,38,47.76084512474643,13.061266575743092
Hellbrunn Palace Park,Run,14,47.758291606680075,13.060182190052592
Hellbrunn Palace Park,Walk,28,47.76255872764242,13.061873387602951
Hellbrunn Palace Park,Hike,73,47.76525837739501,13.059750192686755
Hellbrunn Palace Park,Run,25,47.76509188882182,13.062442594594915
Hellbrunn Palace Park,Run,47,47.76191435561512,13.058008040639507
Hellbrunn Palace Park,Walk,60,47.761696681909456,13.060952759159093
Hellbrunn Palace Park,Ride,26,47.76330316138411,13.064577857998117
Hellbrunn Palace Park,Walk,47,47.761102421841215,13.05869933735079
Hellbrunn Palace Park,Hike,59,47.76305268784973,13.059344510058951
Hellbrunn Palace Park,Hike,45,47.76374912041758,13.061727815699319
Hellbrunn Palace Park,Hike,88,47.76444039983583,13.061059163563879
Other City Areas,Hike,19,47.800525945148905,13.038707545380312
Other City Areas,Hike,60,47.80073378069522,13.043550621785219
Other City Areas,Ride,42,47.80095208220284,13.037612726336485
Other City Areas,Run,56,47.80166454976293,13.04183830834722
Other City Areas,Walk,51,47.80061472798539,13.042001164636085
Other City Areas,Walk,34,47.79963811351807,13.038658759581846
Other City Areas,Hike,48,47.8010088605518,13.042784930600128
Other City Areas,Walk,17,47.80284982290234,13.039499906970802
Other City Areas,Hike,54,47.79980104938042,13.040577387258558
Other City Areas,Ride,49,47.79853820604299,13.040520643677542
Other City Areas,Ride,54,47.801660621003926,13.039731382517058
Other City Areas,Run,60,47.79981942825407,13.041621616546319
Other City Areas,Ride,50,47.79674099568098,13.041586977441103
Other City Areas,Ride,47,47.80127113251572,13.036502936053523
Other City Areas,Run,31,47.79919700772107,13.042608680485756
Other City Areas,Walk,34,47.79986420007654,13.036675016023928
Other City Areas,Hike,62,47.80049797049585,13.042065092408683
Other City Areas,Hike,66,47.80028574951967,13.042253410273654
Other City Areas,Walk,41,47.801064177725706,13.037818067139568
Other City Areas,Run,45,47.799346770444146,13.03917837142409
Other City Areas,Walk,31,47.80076965869726,13.037788590663027
Other City Areas,Ride,62,47.79961067998362,13.039570157939421
Other City Areas,Run,54,47.80110821572133,13.039383931431628
Other City Areas,Run,74,47.800923051226015,13.041559321064538
Other City Areas,Run,31,47.79859684194693,13.042620617492238
Other City Areas,Hike,39,47.80162897317426,13.042791367621579
Other City Areas,Walk,48,47.79919605483233,13.038875663946843
Other City Areas,Run,54,47.80121208669742,13.03958155625251
Other City Areas,Run,41,47.8005509309701,13.036633123615557
Other City Areas,Run,31,47.80275727551519,13.038388259867007
Other City Areas,Walk,58,47.79966480102644,13.041929703266193
Other City Areas,Hike,55,47.79947602480582,13.043231165647095
Other City Areas,Ride,31,47.79997087059117,13.03753130225624
Other City Areas,Hike,65,47.79954523032575,13.038815071481693
Other City Areas,Run,62,47.80119991285291,13.039947188486082
Other City Areas,Hike,47,47.79757553408734,13.040560322317639
Other City Areas,Hike,46,47.79841947637128,13.038380792960156
Other City Areas,Ride,53,47.79839829561763,13.040848122088928
Other City Areas,Walk,32,47.80142546138796,13.039052321305856
Other City Areas,Walk,45,47.80256592005887,13.039971095458242
Other City Areas,Hike,12,47.799843326172194,13.041092568496007
Other City Areas,Hike,58,47.799746767415215,13.040012844539621
Other City Areas,Walk,21,47.80010507824467,13.039127228218947
Other City Areas,Walk,67,47.801742817453906,13.039780780392148
Other City Areas,Ride,40,47.79860897029871,13.039823274081588
Other City Areas,Run,41,47.8003575534741,13.039259977940235
Other City Areas,Hike,35,47.80146279644467,13.039482407874665
Other City Areas,Walk,40,47.800751641254905,13.043197294341008
Other City Areas,Hike,66,47.8002843724249,13.041121838895881
Other City Areas,Hike,10,47.80150156913885,13.03940903936394
Other City Areas,Walk,64,47.795945151560495,13.04139390880902
Other City Areas,Ride,50,47.80101681297929,13.039332361020486
Other City Areas,Hike,26,47.79901888647531,13.042346249275173
Other City Areas,Ride,28,47.797254050654715,13.040739284384395
Other City Areas,Walk,70,47.800766803899286,13.039785395711991
Other City Areas,Run,30,47.80206048781774,13.04089543385162
Other City Areas,Run,27,47.79979382722806,13.036858247695863
Other City Areas,Hike,62,47.801429311820804,13.03774646506218
Other City Areas,Walk,50,47.80241841738698,13.0376121499872
Other City Areas,Ride,30,47.80197237168037,13.040285886189526
Other City Areas,Hike,48,47.80245994679405,13.04346502999897
Other City Areas,Walk,29,47.8011131912366,13.044462600292384
Other City Areas,Walk,61,47.80011315045835,13.04127610220288
Other City Areas,Ride,60,47.79759705128215,13.041001688949889
Other City Areas,Hike,52,47.7996309062678,13.036397884531693
Other City Areas,Walk,50,47.798735130107026,13.038914652400532
Other City Areas,Walk,71,47.803256414076245,13.038424432496182
Other City Areas,Walk,44,47.799736171281346,13.038758304803498
Other City Areas,Ride,27,47.80018480721017,13.03966371236283
Other City Areas,Hike,51,47.80082722806406,13.039055818844606
Other City Areas,Hike,76,47.80006540366956,13.036041400379247
Other City Areas,Hike,29,47.80254257656064,13.041495820512234
Other City Areas,Hike,39,47.799066025957394,13.037854513948519
Other City Areas,Run,51,47.80029191118285,13.040478493728221
Other City Areas,Run,44,47.79888629412145,13.044148165339498
Other City Areas,Hike,30,47.79801996623316,13.038161230816826
Other City Areas,Ride,61,47.79908234636364,13.034939424954507
Other City Areas,Run,79,47.799944444804424,13.03942799155624
Other City Areas,Walk,47,47.79935604666322,13.042201919269996
Other City Areas,Run,31,47.798961368530186,13.04391669490844
Other City Areas,Walk,21,47.79789052380449,13.037540900811095
Other City Areas,Hike,48,47.799875341641055,13.040993398446473
Other City Areas,Run,61,47.79774291943895,13.039069379086438
Other City Areas,Ride,52,47.80114008394553,13.039788103291391
Other City Areas,Run,44,47.8001236596294,13.045288686694033
Other City Areas,Run,36,47.7978136727508,13.03699405934321
Other City Areas,Run,28,47.79953618638442,13.040507479322988
Other City Areas,Hike,57,47.79887176539161,13.04093538634353
Other City Areas,Ride,58,47.800478761765625,13.042171572649877
Other City Areas,Run,21,47.80201067566903,13.040195966306941
Other City Areas,Ride,68,47.79718724129553,13.040616101079006
Other City Areas,Hike,53,47.80017253911872,13.039216702865156
Other City Areas,Walk,65,47.79975980080665,13.04053825388249
Other City Areas,Run,24,47.801007010114674,13.039313615449004
Other City Areas,Ride,24,47.800319794942354,13.041243143779711
Other City Areas,Ride,42,47.79887204600239,13.039260779327911
Other City Areas,Hike,52,47.7995214190965,13.040754200787804
Other City Areas,Run,71,47.79880596121479,13.039941474372629
Other City Areas,Walk,55,47.801614010707894,13.042252100501543
Other City Areas,Ride,41,47.800031967473004,13.039897212552821
Other City Areas,Run,29,47.802851786028626,13.036453935063586
Other City Areas,Walk,63,47.799909008779274,13.042523843001428
Other City Areas,Ride,30,47.798937389849634,13.038188535398273
Other City Areas,Ride,69,47.79772942841108,13.0386924673227
Other City Areas,Walk,40,47.797295290485614,13.038808677411913
Other City Areas,Walk,68,47.79762379608549,13.04274887618634
Other City Areas,Hike,55,47.80040068997651,13.035728651572041
Other City Areas,Run,42,47.80076308753484,13.046275497067318
Other City Areas,Run,37,47.79762821394695,13.042112113618131
Other City Areas,Hike,39,47.80134255747111,13.040446477828258
Other City Areas,Ride,51,47.799275408422474,13.039890211998767
Other City Areas,Walk,46,47.80022018951797,13.040571108149715
Other City Areas,Walk,36,47.80241833094238,13.041042244856758
Other City Areas,Walk,42,47.8013452589738,13.0412904311719
Other City Areas,Ride,46,47.79959720402814,13.041111208932007
Other City Areas,Walk,13,47.798663211661875,13.04017916136251
Other City Areas,Walk,51,47.796772276898004,13.039605323159385
Other City Areas,Hike,30,47.79892127002113,13.039697453432693
Other City Areas,Ride,27,47.79968330464175,13.039610183439294
Other City Areas,Run,19,47.79851923070927,13.042267540193734
Other City Areas,Hike,18,47.799803114549356,13.041187113444561
Other City Areas,Hike,24,47.80011527782443,13.03411922273067
Other City Areas,Run,34,47.799662716027285,13.041311801553059
Other City Areas,Hike,74,47.799024996128765,13.040389472389437
Other City Areas,Ride,37,47.80025298200795,13.039962582487107
Other City Areas,Walk,47,47.80066291097435,13.039222963093822
Other City Areas,Ride,51,47.798364401383836,13.042248225439971
Other City Areas,Run,46,47.802116398569616,13.041895052924245
Other City Areas,Run,43,47.79985211780157,13.038454244664353
Other City Areas,Hike,27,47.80002827443442,13.040814104574249
Other City Areas,Ride,66,47.80106232163488,13.038056686530917
Other City Areas,Ride,72,47.80034982419689,13.037240763670422
Other City Areas,Run,19,47.80142970495087,13.038746565550818
Other City Areas,Ride,29,47.8004306862478,13.041724786944764
Other City Areas,Run,40,47.799081343938035,13.04190625009075
Other City Areas,Ride,30,47.80054225528781,13.041026170840194
Other City Areas,Ride,52,47.798284410689014,13.041450191573695
Other City Areas,Ride,34,47.80016283955866,13.04103235657423
Other City Areas,Run,77,47.79995015501403,13.038717036809553
Other City Areas,Hike,62,47.79968782471409,13.040863845089348
Other City Areas,Ride,48,47.79980719373284,13.041600819050455
Other City Areas,Run,60,47.79717722643175,13.041508582659626
Other City Areas,Run,61,47.79917691263839,13.042377826742948
Other City Areas,Ride,36,47.80013926735171,13.041416607694401
Other City Areas,Ride,32,47.800239784587994,13.040702896415082
Other City Areas,Hike,46,47.798458487288606,13.042140300476632
Other City Areas,Run,57,47.80189856176129,13.0399469574815
Other City Areas,Run,47,47.79870073772768,13.038236250697544
Other City Areas,Walk,21,47.801454185800786,13.039673866072112
Other City Areas,Run,32,47.800640791542804,13.038510194710387
